<?xml version="1.0" encoding="UTF-8" standalone="yes"?>
<addon id="repository.repository.brunoREPO" name="bruno REPO" version="1.0" provider-name="bruno tutorias">
    <extension point="xbmc.addon.repository" name="Nome Repository">
        <dir>
            <info compressed="false">https://raw.githubusercontent.com/brunocosta1821/brunorepo/master/zips/addons.xml</info>
            <checksum>https://raw.githubusercontent.com/brunocosta1821/brunorepo/master/zips/addons.xml.md5</checksum>
            <datadir zip="true">https://raw.githubusercontent.com/brunocosta1821/brunorepo/master/zips/</datadir>
        </dir>
    </extension>
    <extension point="xbmc.addon.metadata">
        <summary>REPO_bruno tutorias</summary>
        <description>Addons brunotutorias</description>
        <disclaimer></disclaimer>
        <platform>all</platform>
        <assets>
            <icon>icon.png</icon>
            <fanart>fanart.jpg</fanart>
        </assets>
    </extension>
</addon>